{"cameraMode":{"drawMode":0,"name":"Shaded","section":"Shading Mode"},"sceneLighting":false,"audioPlay":false,"sceneViewState":{"showFog":true,"showMaterialUpdate":true,"showSkybox":false,"showFlares":true,"showImageEffects":true,"showParticleSystems":true},"in2DMode":false,"pivot":{"x":1.7128065824508668,"y":0.3174263834953308,"z":1.1920928955078126e-7},"rotation":{"x":0.0941598117351532,"y":0.8045472502708435,"z":-0.13316144049167634,"w":0.571176290512085},"size":9.508609771728516,"orthographic":false}