{"cameraMode":{"drawMode":0,"name":"Shaded","section":"Shading Mode"},"sceneLighting":false,"audioPlay":false,"sceneViewState":{"showFog":true,"showMaterialUpdate":true,"showSkybox":false,"showFlares":true,"showImageEffects":true,"showParticleSystems":true},"in2DMode":false,"pivot":{"x":-0.8069801330566406,"y":-7.705511093139648,"z":16.099674224853517},"rotation":{"x":0.2686009407043457,"y":0.2539692223072052,"z":-0.07396578788757324,"w":0.9263145923614502},"size":11.175962448120118,"orthographic":false}