{"cameraMode":{"drawMode":0,"name":"Shaded","section":"Shading Mode"},"sceneLighting":true,"audioPlay":false,"sceneViewState":{"showFog":true,"showMaterialUpdate":true,"showSkybox":true,"showFlares":true,"showImageEffects":true,"showParticleSystems":true},"in2DMode":false,"pivot":{"x":10.093655586242676,"y":-0.9277852773666382,"z":5.251952171325684},"rotation":{"x":-0.04818404093384743,"y":0.25738051533699038,"z":-0.01255476102232933,"w":-0.9650964140892029},"size":1.6082000732421876,"orthographic":false}