{"cameraMode":{"drawMode":0,"name":"Shaded","section":"Shading Mode"},"sceneLighting":false,"audioPlay":false,"sceneViewState":{"showFog":true,"showMaterialUpdate":true,"showSkybox":false,"showFlares":true,"showImageEffects":true,"showParticleSystems":true},"in2DMode":false,"pivot":{"x":0.7172365188598633,"y":11.624740600585938,"z":3.4593896865844728},"rotation":{"x":0.01156710833311081,"y":-0.1687854379415512,"z":-0.0017202672315761448,"w":-0.9856687784194946},"size":51.06373596191406,"orthographic":false}