{"cameraMode":{"drawMode":0,"name":"Shaded","section":"Shading Mode"},"sceneLighting":true,"audioPlay":false,"sceneViewState":{"showFog":true,"showMaterialUpdate":true,"showSkybox":false,"showFlares":true,"showImageEffects":true,"showParticleSystems":true},"in2DMode":false,"pivot":{"x":-29.19327163696289,"y":-12.528463363647461,"z":81.90194702148438},"rotation":{"x":0.07049159705638886,"y":-0.22762495279312135,"z":0.01588606648147106,"w":0.9711951613426209},"size":96.14303588867188,"orthographic":false}