{"cameraMode":{"drawMode":0,"name":"Shaded","section":"Shading Mode"},"sceneLighting":true,"audioPlay":false,"sceneViewState":{"showFog":true,"showMaterialUpdate":true,"showSkybox":false,"showFlares":true,"showImageEffects":true,"showParticleSystems":true},"in2DMode":false,"pivot":{"x":4.761685371398926,"y":1.2004258632659913,"z":-3.7168006896972658},"rotation":{"x":0.01156710833311081,"y":-0.1687854379415512,"z":-0.0017202672315761448,"w":-0.9856687784194946},"size":51.393821716308597,"orthographic":false}