{"cameraMode":{"drawMode":0,"name":"Shaded","section":"Shading Mode"},"sceneLighting":true,"audioPlay":false,"sceneViewState":{"showFog":true,"showMaterialUpdate":true,"showSkybox":true,"showFlares":true,"showImageEffects":true,"showParticleSystems":true},"in2DMode":false,"pivot":{"x":-7.54094123840332,"y":-6.80918025970459,"z":37.487892150878909},"rotation":{"x":-0.16878096759319306,"y":-0.41640782356262209,"z":0.07914889603853226,"w":-0.8899431228637695},"size":39.41102981567383,"orthographic":false}