{"cameraMode":{"drawMode":0,"name":"Shaded","section":"Shading Mode"},"sceneLighting":true,"audioPlay":false,"sceneViewState":{"showFog":true,"showMaterialUpdate":true,"showSkybox":true,"showFlares":true,"showImageEffects":true,"showParticleSystems":true},"in2DMode":false,"pivot":{"x":-0.2850761413574219,"y":0.30079519748687746,"z":-2.4522314071655275},"rotation":{"x":0.0941598117351532,"y":0.8045472502708435,"z":-0.13316144049167634,"w":0.571176290512085},"size":5.598021984100342,"orthographic":false}