{"cameraMode":{"drawMode":0,"name":"Shaded","section":"Shading Mode"},"sceneLighting":false,"audioPlay":false,"sceneViewState":{"showFog":true,"showMaterialUpdate":true,"showSkybox":false,"showFlares":true,"showImageEffects":true,"showParticleSystems":true},"in2DMode":false,"pivot":{"x":0.5011160373687744,"y":0.5005836486816406,"z":-0.11157962679862976},"rotation":{"x":0.007033699192106724,"y":-0.9659374356269836,"z":0.02483433485031128,"w":0.257759153842926},"size":4.872193813323975,"orthographic":false}