{"cameraMode":{"drawMode":0,"name":"Shaded","section":"Shading Mode"},"sceneLighting":false,"audioPlay":false,"sceneViewState":{"showFog":true,"showMaterialUpdate":true,"showSkybox":false,"showFlares":true,"showImageEffects":true,"showParticleSystems":true},"in2DMode":false,"pivot":{"x":0.4282016456127167,"y":0.0793565958738327,"z":2.9802322387695315e-8},"rotation":{"x":0.0012054273393005133,"y":-0.06754618883132935,"z":0.00017419923096895218,"w":-0.9977996349334717},"size":2.377152442932129,"orthographic":false}