{"cameraMode":{"drawMode":0,"name":"Shaded","section":"Shading Mode"},"sceneLighting":true,"audioPlay":false,"sceneViewState":{"showFog":true,"showMaterialUpdate":true,"showSkybox":true,"showFlares":true,"showImageEffects":true,"showParticleSystems":true},"in2DMode":false,"pivot":{"x":-11.337385177612305,"y":0.6945146322250366,"z":22.46554946899414},"rotation":{"x":-0.14434361457824708,"y":-0.7432143092155457,"z":0.17014473676681519,"w":-0.6308760643005371},"size":2.389697790145874,"orthographic":false}