{"cameraMode":{"drawMode":0,"name":"Shaded","section":"Shading Mode"},"sceneLighting":true,"audioPlay":false,"sceneViewState":{"showFog":true,"showMaterialUpdate":false,"showSkybox":false,"showFlares":true,"showImageEffects":true,"showParticleSystems":true},"in2DMode":false,"pivot":{"x":-27.67694091796875,"y":8.469664573669434,"z":31.08534049987793},"rotation":{"x":-0.09141073375940323,"y":-0.8034397959709168,"z":0.1278430074453354,"w":-0.574338972568512},"size":8.738920211791993,"orthographic":false}