{"cameraMode":{"drawMode":0,"name":"Shaded","section":"Shading Mode"},"sceneLighting":false,"audioPlay":false,"sceneViewState":{"showFog":true,"showMaterialUpdate":false,"showSkybox":false,"showFlares":true,"showImageEffects":true,"showParticleSystems":true},"in2DMode":false,"pivot":{"x":0.24139869213104249,"y":0.036412931978702548,"z":0.9114521145820618},"rotation":{"x":-0.01919526606798172,"y":0.4340544641017914,"z":-0.009250747971236706,"w":-0.9006369113922119},"size":1.7364240884780884,"orthographic":false}