{"cameraMode":{"drawMode":0,"name":"Shaded","section":"Shading Mode"},"sceneLighting":false,"audioPlay":false,"sceneViewState":{"showFog":true,"showMaterialUpdate":false,"showSkybox":false,"showFlares":true,"showImageEffects":true,"showParticleSystems":true},"in2DMode":false,"pivot":{"x":5.542719841003418,"y":16.728057861328126,"z":11.771869659423829},"rotation":{"x":-0.20441260933876038,"y":-0.06507989764213562,"z":0.013643135316669941,"w":-0.9767053127288818},"size":47.06084060668945,"orthographic":false}