{"cameraMode":{"drawMode":0,"name":"Shaded","section":"Shading Mode"},"sceneLighting":false,"audioPlay":false,"sceneViewState":{"showFog":true,"showMaterialUpdate":false,"showSkybox":false,"showFlares":true,"showImageEffects":true,"showParticleSystems":true},"in2DMode":false,"pivot":{"x":-11.337385177612305,"y":0.6651000380516052,"z":22.46554946899414},"rotation":{"x":-0.018102295696735383,"y":0.9385325312614441,"z":-0.3413388431072235,"w":-0.05031678080558777},"size":3.8530008792877199,"orthographic":false}