{"cameraMode":{"drawMode":0,"name":"Shaded","section":"Shading Mode"},"sceneLighting":false,"audioPlay":false,"sceneViewState":{"showFog":true,"showMaterialUpdate":false,"showSkybox":false,"showFlares":true,"showImageEffects":true,"showParticleSystems":true},"in2DMode":false,"pivot":{"x":-28.0,"y":0.09999998658895493,"z":5.000000476837158},"rotation":{"x":0.06834548711776734,"y":-0.7339180707931519,"z":0.07456212490797043,"w":0.6717827916145325},"size":6.287344932556152,"orthographic":false}