{"cameraMode":{"drawMode":0,"name":"Shaded","section":"Shading Mode"},"sceneLighting":true,"audioPlay":false,"sceneViewState":{"showFog":true,"showMaterialUpdate":false,"showSkybox":false,"showFlares":true,"showImageEffects":true,"showParticleSystems":true},"in2DMode":false,"pivot":{"x":-1.4702732563018799,"y":0.6257563233375549,"z":2.8421812057495119},"rotation":{"x":0.1036670133471489,"y":-0.7279916405677795,"z":0.11282256245613098,"w":0.6683643460273743},"size":2.4768991470336916,"orthographic":false}