{"cameraMode":{"drawMode":0,"name":"Shaded","section":"Shading Mode"},"sceneLighting":false,"audioPlay":false,"sceneViewState":{"showFog":true,"showMaterialUpdate":false,"showSkybox":false,"showFlares":true,"showImageEffects":true,"showParticleSystems":true},"in2DMode":false,"pivot":{"x":-9.394657135009766,"y":0.8075151443481445,"z":-0.4685225486755371},"rotation":{"x":-0.28817781805992129,"y":0.07838522642850876,"z":-0.02365441620349884,"w":-0.9541535973548889},"size":6.517562389373779,"orthographic":false}