{"cameraMode":{"drawMode":0,"name":"Shaded","section":"Shading Mode"},"sceneLighting":false,"audioPlay":false,"sceneViewState":{"showFog":true,"showMaterialUpdate":false,"showSkybox":false,"showFlares":true,"showImageEffects":true,"showParticleSystems":true},"in2DMode":false,"pivot":{"x":1.1497963666915894,"y":-0.17552456259727479,"z":1.3587437868118287},"rotation":{"x":-0.05808332934975624,"y":-0.36034324765205386,"z":0.022468913346529008,"w":-0.9308441281318665},"size":3.3300540447235109,"orthographic":false}