{"cameraMode":{"drawMode":0,"name":"Shaded","section":"Shading Mode"},"sceneLighting":true,"audioPlay":false,"sceneViewState":{"showFog":true,"showMaterialUpdate":false,"showSkybox":false,"showFlares":true,"showImageEffects":true,"showParticleSystems":true},"in2DMode":false,"pivot":{"x":-19.07819366455078,"y":18.905712127685548,"z":13.546089172363282},"rotation":{"x":-0.25976520776748659,"y":-0.6316145062446594,"z":-0.23751938343048097,"w":0.6907777190208435},"size":18.245208740234376,"orthographic":false}