{"cameraMode":{"drawMode":0,"name":"Shaded","section":"Shading Mode"},"sceneLighting":false,"audioPlay":false,"sceneViewState":{"showFog":true,"showMaterialUpdate":false,"showSkybox":false,"showFlares":true,"showImageEffects":true,"showParticleSystems":true},"in2DMode":false,"pivot":{"x":-4.137513160705566,"y":6.256692409515381,"z":9.387857437133789},"rotation":{"x":-0.07538075745105744,"y":0.09803014248609543,"z":-0.007419837638735771,"w":-0.9923771023750305},"size":6.639609336853027,"orthographic":false}