{"cameraMode":{"drawMode":0,"name":"Shaded","section":"Shading Mode"},"sceneLighting":false,"audioPlay":false,"sceneViewState":{"showFog":true,"showMaterialUpdate":false,"showSkybox":false,"showFlares":true,"showImageEffects":true,"showParticleSystems":true},"in2DMode":false,"pivot":{"x":-5.4099602699279789,"y":4.6217041015625,"z":-0.25245189666748049},"rotation":{"x":-0.217163547873497,"y":0.08866242319345474,"z":-0.019786648452281953,"w":-0.97198086977005},"size":34.682926177978519,"orthographic":false}