{"cameraMode":{"drawMode":0,"name":"Shaded","section":"Shading Mode"},"sceneLighting":false,"audioPlay":false,"sceneViewState":{"showFog":true,"showMaterialUpdate":false,"showSkybox":false,"showFlares":true,"showImageEffects":true,"showParticleSystems":true},"in2DMode":false,"pivot":{"x":2.1353886127471926,"y":2.5415234565734865,"z":18.385663986206056},"rotation":{"x":0.23028288781642915,"y":-0.1894982010126114,"z":0.04577160254120827,"w":0.9533973336219788},"size":4.398130416870117,"orthographic":false}