{"cameraMode":{"drawMode":0,"name":"Shaded","section":"Shading Mode"},"sceneLighting":false,"audioPlay":false,"sceneViewState":{"showFog":true,"showMaterialUpdate":false,"showSkybox":false,"showFlares":true,"showImageEffects":true,"showParticleSystems":true},"in2DMode":false,"pivot":{"x":-2.0068581104278566,"y":1.827866554260254,"z":11.9198637008667},"rotation":{"x":-0.34561359882354739,"y":-0.22264090180397035,"z":0.08481009304523468,"w":-0.9077162146568298},"size":7.777596473693848,"orthographic":false}