{"cameraMode":{"drawMode":0,"name":"Shaded","section":"Shading Mode"},"sceneLighting":true,"audioPlay":false,"sceneViewState":{"showFog":true,"showMaterialUpdate":false,"showSkybox":true,"showFlares":true,"showImageEffects":true,"showParticleSystems":true},"in2DMode":false,"pivot":{"x":-16.763385772705079,"y":11.440633773803711,"z":13.174089431762696},"rotation":{"x":0.23028288781642915,"y":-0.1894982010126114,"z":0.04577160254120827,"w":0.9533973336219788},"size":-0.2624819874763489,"orthographic":false}