{"cameraMode":{"drawMode":0,"name":"Shaded","section":"Shading Mode"},"sceneLighting":false,"audioPlay":false,"sceneViewState":{"showFog":true,"showMaterialUpdate":false,"showSkybox":false,"showFlares":true,"showImageEffects":true,"showParticleSystems":true},"in2DMode":false,"pivot":{"x":16.789783477783204,"y":9.551411628723145,"z":9.83624267578125},"rotation":{"x":-0.2034701108932495,"y":-0.39404255151748659,"z":0.08991795778274536,"w":-0.891854465007782},"size":15.212871551513672,"orthographic":false}