{"cameraMode":{"drawMode":0,"name":"Shaded","section":"Shading Mode"},"sceneLighting":true,"audioPlay":false,"sceneViewState":{"showFog":true,"showMaterialUpdate":false,"showSkybox":false,"showFlares":true,"showImageEffects":true,"showParticleSystems":true},"in2DMode":false,"pivot":{"x":-0.8132028579711914,"y":1.1163609027862549,"z":-1.8989100456237794},"rotation":{"x":0.06834548711776734,"y":-0.7339180707931519,"z":0.07456212490797043,"w":0.6717827916145325},"size":156.5617218017578,"orthographic":false}