{"cameraMode":{"drawMode":0,"name":"Shaded","section":"Shading Mode"},"sceneLighting":false,"audioPlay":false,"sceneViewState":{"showFog":true,"showMaterialUpdate":false,"showSkybox":false,"showFlares":true,"showImageEffects":true,"showParticleSystems":true},"in2DMode":false,"pivot":{"x":4.178316116333008,"y":1.1945171356201172,"z":1.1914348602294922},"rotation":{"x":-0.20481154322624207,"y":0.022968323901295663,"z":-0.004784454591572285,"w":-0.9786016345024109},"size":14.804685592651368,"orthographic":false}