{"cameraMode":{"drawMode":0,"name":"Shaded","section":"Shading Mode"},"sceneLighting":false,"audioPlay":false,"sceneViewState":{"showFog":true,"showMaterialUpdate":false,"showSkybox":false,"showFlares":true,"showImageEffects":true,"showParticleSystems":true},"in2DMode":false,"pivot":{"x":-7.442033767700195,"y":-2.724910020828247,"z":-10.146916389465332},"rotation":{"x":0.1036670133471489,"y":-0.7279916405677795,"z":0.11282256245613098,"w":0.6683643460273743},"size":8.894434928894043,"orthographic":false}