{"cameraMode":{"drawMode":0,"name":"Shaded","section":"Shading Mode"},"sceneLighting":true,"audioPlay":false,"sceneViewState":{"showFog":true,"showMaterialUpdate":false,"showSkybox":false,"showFlares":true,"showImageEffects":true,"showParticleSystems":true},"in2DMode":false,"pivot":{"x":8.856683731079102,"y":8.935394287109375,"z":21.474069595336915},"rotation":{"x":-0.0946931317448616,"y":-0.10023105889558792,"z":0.009586194530129433,"w":-0.990500271320343},"size":22.0,"orthographic":false}