{"cameraMode":{"drawMode":0,"name":"Shaded","section":"Shading Mode"},"sceneLighting":true,"audioPlay":false,"sceneViewState":{"showFog":true,"showMaterialUpdate":false,"showSkybox":true,"showFlares":true,"showImageEffects":true,"showParticleSystems":true},"in2DMode":false,"pivot":{"x":-29.578134536743165,"y":1.639967918395996,"z":17.899934768676759},"rotation":{"x":-0.004252464510500431,"y":0.8064340949058533,"z":0.00579834682866931,"w":0.591289222240448},"size":1.9432554244995118,"orthographic":false}