{"cameraMode":{"drawMode":0,"name":"Shaded","section":"Shading Mode"},"sceneLighting":true,"audioPlay":false,"sceneViewState":{"showFog":true,"showMaterialUpdate":false,"showSkybox":false,"showFlares":true,"showImageEffects":true,"showParticleSystems":true},"in2DMode":false,"pivot":{"x":-1.5519933700561524,"y":0.5999999046325684,"z":8.109216690063477},"rotation":{"x":0.009030688554048539,"y":-0.9896081686019898,"z":0.12415803223848343,"w":0.07197900116443634},"size":3.7578835487365724,"orthographic":false}