{"cameraMode":{"drawMode":0,"name":"Shaded","section":"Shading Mode"},"sceneLighting":true,"audioPlay":false,"sceneViewState":{"showFog":true,"showMaterialUpdate":false,"showSkybox":false,"showFlares":true,"showImageEffects":true,"showParticleSystems":true},"in2DMode":false,"pivot":{"x":24.513856887817384,"y":5.232481002807617,"z":29.213321685791017},"rotation":{"x":-0.019691383466124536,"y":-0.793613851070404,"z":0.025719933211803438,"w":-0.6075635552406311},"size":40.010372161865237,"orthographic":false}