{"cameraMode":{"drawMode":0,"name":"Shaded","section":"Shading Mode"},"sceneLighting":true,"audioPlay":false,"sceneViewState":{"showFog":true,"showMaterialUpdate":false,"showSkybox":true,"showFlares":true,"showImageEffects":true,"showParticleSystems":true},"in2DMode":false,"pivot":{"x":-18.448511123657228,"y":2.1134448051452638,"z":23.809106826782228},"rotation":{"x":-0.021196531131863595,"y":0.9675306677818298,"z":-0.08672624826431275,"w":-0.23646722733974458},"size":11.19906997680664,"orthographic":false}