{"cameraMode":{"drawMode":0,"name":"Shaded","section":"Shading Mode"},"sceneLighting":true,"audioPlay":false,"sceneViewState":{"showFog":true,"showMaterialUpdate":false,"showSkybox":true,"showFlares":true,"showImageEffects":true,"showParticleSystems":true},"in2DMode":false,"pivot":{"x":50.65696716308594,"y":12.426280975341797,"z":21.4041805267334},"rotation":{"x":-0.034833814948797229,"y":0.6444195508956909,"z":0.029407532885670663,"w":0.7633277177810669},"size":7.409867763519287,"orthographic":false}