{"cameraMode":{"drawMode":0,"name":"Shaded","section":"Shading Mode"},"sceneLighting":true,"audioPlay":false,"sceneViewState":{"showFog":true,"showMaterialUpdate":false,"showSkybox":false,"showFlares":true,"showImageEffects":true,"showParticleSystems":true},"in2DMode":false,"pivot":{"x":16.09928321838379,"y":-5.323349952697754,"z":16.82282066345215},"rotation":{"x":-0.07417681813240051,"y":-0.8829210996627808,"z":0.14919541776180268,"w":-0.43897050619125368},"size":40.010372161865237,"orthographic":false}