{"cameraMode":{"drawMode":0,"name":"Shaded","section":"Shading Mode"},"sceneLighting":true,"audioPlay":false,"sceneViewState":{"showFog":true,"showMaterialUpdate":false,"showSkybox":false,"showFlares":true,"showImageEffects":true,"showParticleSystems":true},"in2DMode":false,"pivot":{"x":-3.1183359622955324,"y":3.5875070095062258,"z":29.549882888793947},"rotation":{"x":-0.090841144323349,"y":0.6060038805007935,"z":-0.0699390172958374,"w":-0.7871598601341248},"size":32.347373962402347,"orthographic":false}