{"cameraMode":{"drawMode":0,"name":"Shaded","section":"Shading Mode"},"sceneLighting":false,"audioPlay":false,"sceneViewState":{"showFog":true,"showMaterialUpdate":false,"showSkybox":false,"showFlares":true,"showImageEffects":true,"showParticleSystems":true},"in2DMode":false,"pivot":{"x":0.5466464757919312,"y":2.5899715423583986,"z":0.07335662841796875},"rotation":{"x":0.03735032305121422,"y":-0.9405060410499573,"z":0.31932133436203005,"w":0.10999006778001785},"size":7.984347820281982,"orthographic":false}