{"cameraMode":{"drawMode":0,"name":"Shaded","section":"Shading Mode"},"sceneLighting":false,"audioPlay":false,"sceneViewState":{"showFog":true,"showMaterialUpdate":false,"showSkybox":false,"showFlares":true,"showImageEffects":true,"showParticleSystems":true},"in2DMode":false,"pivot":{"x":1.775061845779419,"y":2.4917452335357668,"z":20.60579490661621},"rotation":{"x":-0.028340257704257966,"y":0.6469229459762573,"z":0.024069657549262048,"w":0.7616552710533142},"size":7.688251495361328,"orthographic":false}